Fotoaparat,Cena
Olympus Mju ii zoom 115 (testiran s filmom),4.000 din
Olympus MJU II Zoom 80,1.999 din
Olympus mju II Zoom 80 38-80 Multi AF Panorama Quartz Date,9.500 din
Olympus mju II 35 mm 2.8 Large Aperture Lens Multi AF All-W,"120,00 €"
"Olympus Mju-II zoom 80, multi AF - zoom 38-80mm, crno telo","80,00 €"
Olympus MJU II sa daljinskom komandom,"120,00 €"
Olympus mju II 35 mm 2.8 Large Aperture Lens Multi AF QuDate,"120,00 €"
Olympus mju II rezervisan,"99,00 €"
Olympus mju II multi AF all-weather 35mm rezervisan,"120,00 €"
Olympus mju II ZOOM 80 multi AF all-weather,"50,00 €"
Canon AE-1,"120,00 €"
Canon ae-1 hromirani,"60,00 €"
Canon AE-1 (hrom telo),"60,00 €"
Canon AE-1 (crno telo),Kontakt
"Kupujem Canon fotoaparate (A-1,AE-1,AT-1 i dr.) i objektive",Kupujem
"Canon AF35M II - Canon lens 2,8/38mm","60,00 €"
"Canon AF35M - Canon lens 2,8/38mm","60,00 €"
"Canon AF35ML Canon Lens f1,9 40mm Auto Focus kao nov",10.000 din
Canon AF35M,"25,00 €"
"RICOH FF-70 AF, Lens Rikenon 2,8/35mm","80,00 €"
YASHICA 107 multi program + Yashica Lens ML 50mm 1:2,"85,00 €"
"YASHICA Diary - Yashica Lens 2,8/38mm, Date","50,00 €"
YASHICA MF2 - Yashica Lens 4/38mm,"40,00 €"
Yashica Yashinon Wide Angle Lens Attachments For Yashica Mat,"80,00 €"
Yashica FR + Yashica ML 50mm f/2.0 (Black),"60,00 €"
Yashica ML 70-210mm f/4.5 Contax/Yashica,"40,00 €"
Yashica ST-7 Mini Table-Top Tripod,2.490 din
Yashica 635,35.000 din
"YASHICA T4  - Carl Zeiss T Tessar 3,5/35mm, KYOCERA","280,00 €"
Yashica 1:4.5 / 70-210mm Objektiv,4.800 din
"Yashica ML 2,8/28mm","40,00 €"
Yashica blic,"30,00 €"
Yashica LYNX-5000,"20,00 €"
"YASHICA G - ELECTRO 35, GSN - Color-Yashinon DX 1:1,7 f=45mm","90,00 €"
Yashica Kutija za Objektiv,500 din
"YASHICA T2 - Carl Zeiss T Tessar 3,5/35mm, KYOCERA","190,00 €"
Yashica ST-5 stativ,"25,00 €"
Yashica 10x50 fully coated vrhunski japanski dvogled,"90,00 €"
Yashica DSB 135mm 1:2.8,"20,00 €"
Yashica Mat + futrola,16.500 din
Yashica FX-D Quartz + Yashinon Lens 50mm f/2.0,"50,00 €"
Yashica FX-3 + Yashinon Lens 50mm f/2.0,"60,00 €"
YASHICA FR I Fotoaparat,6.000 din
Yashica MF2,"25,00 €"
"Yashica objektiv Zoom 35-70 mm/1:3,5-4,5, fi 52, MC","20,00 €"
Yashica J-5,5.500 din
Yashica Mat,"169,00 €"
Yashica Lynx 5000E,3.500 din
Yashica GSN Yashikor AUX Wide Angle + Tele photo + Zuher,"50,00 €"
YASHICA AF 28mm 1:2.8 Objektiv,5.000 din
